id,created_at,text
526405297959878656,2014-10-26 16:09:37,as nice as your one stop shop for terrible ideas and lack of wit
525987337550188544,2014-10-25 12:28:48,as nice as infinite poems
525649898889555968,2014-10-24 14:07:56,as nice as not making sense anymore
525272397851938816,2014-10-23 13:07:53,as nice as half-abstract girls
524917106224422913,2014-10-22 13:36:05,as nice as good things left behind
524546651810439168,2014-10-21 13:04:02,as nice as sleeping until you just dissolve
524190360239878144,2014-10-20 13:28:15,as nice as fifty-fifty pain
523855061580263424,2014-10-19 15:15:54,as nice as a smiling shadow
523466342624919552,2014-10-18 13:31:16,as nice as mummified stuff
523106323412836352,2014-10-17 13:40:41,as nice as blaming people in general
522385272739483648,2014-10-15 13:55:29,as nice as terrible but cute grammar
522025448487006208,2014-10-14 14:05:40,as nice as elegant extinctions
521664322809106432,2014-10-13 14:10:41,as nice as being late because you're late
521303145918758914,2014-10-12 14:15:29,as nice as immense heartbeats
520941989916057600,2014-10-11 14:20:23,as nice as the time = life equation
520580845091160064,2014-10-10 14:25:20,as nice as acceptable vulnerability
520221057438191616,2014-10-09 14:35:39,as nice as making love shyly
519859893705400320,2014-10-08 14:40:31,as nice as password-protected dreams
519498806292135937,2014-10-07 14:45:41,as nice as the silence of the moon
519137617787772928,2014-10-06 14:50:27,as nice as cocoa beaches
518778953126146051,2014-10-05 15:05:15,as nice as living because you were born to do so
518417843109789697,2014-10-04 15:10:20,as nice as month-long naps
518056762445135872,2014-10-03 15:15:31,as nice as incommunicable wonders
517688171883413506,2014-10-02 14:50:53,as nice as ignoring the dangers of life
517344560151007233,2014-10-01 16:05:29,as nice as optimistic suns
516993772174209025,2014-09-30 16:51:35,as nice as reappearances
495297624065720320,2014-08-01 19:58:50,as nice as being back in september
495196020469669888,2014-08-01 13:15:06,as nice as okay human beings
494887906046410752,2014-07-31 16:50:46,as nice as wallowing in a restless dark july
494589677332987905,2014-07-30 21:05:42,as nice as sleep-deprived beauties
494269410795077632,2014-07-29 23:53:05,as nice as more and more stuff
493933557694623744,2014-07-29 01:38:31,as nice as the civilization of screen captures
493748122112114692,2014-07-28 13:21:40,as nice as pleasurable paychecks
493540612101373953,2014-07-27 23:37:06,as nice as life on phony planets
493206668931391488,2014-07-27 01:30:07,as nice as just cutting connection
492828472151388160,2014-07-26 00:27:18,as nice as truths for sale
492461703641440256,2014-07-25 00:09:54,as nice as mellifluous claptrap
492087422445162496,2014-07-23 23:22:38,as nice as icarus on a rainy day
491760848789319680,2014-07-23 01:44:57,as nice as escaping the universe
491401302115889152,2014-07-22 01:56:14,as nice as talented fools
491039414496538625,2014-07-21 01:58:14,as nice as directionless lovers
490658268994609152,2014-07-20 00:43:41,as nice as your enemy in the mirror
490296748582371328,2014-07-19 00:47:08,as nice as deserving more followers
489979813495836672,2014-07-18 03:47:45,as nice as something sometimes
489785874113363968,2014-07-17 14:57:06,as nice as cheap adult problems
489418172865712128,2014-07-16 14:36:00,as nice as dancing in old elevators
489119093950517249,2014-07-15 18:47:34,as nice as nonexistent regrets
488748008117641216,2014-07-14 18:13:00,as nice as following the wrong manual
488387388671295489,2014-07-13 18:20:01,as nice as germany obviously
488001075300278272,2014-07-12 16:44:57,as nice as bots programmed to love you
487588874450112513,2014-07-11 13:27:01,as nice as superhuman colors
487268969959931904,2014-07-10 16:15:50,as nice as being 29 and desperate
486930622091649024,2014-07-09 17:51:21,as nice as extreme little dreams
486585449771974656,2014-07-08 18:59:46,as nice as shoplifting bibles
486205205990879233,2014-07-07 17:48:49,as nice as 1% battery life forever
485866651599265792,2014-07-06 19:23:31,as nice as romances with silly boys
485611688239333377,2014-07-06 02:30:23,as nice as telepathic spam
485417291874848768,2014-07-05 13:37:55,as nice as money ugh
485053109367238656,2014-07-04 13:30:47,as nice as the life and times of an unpicked flower
484695820290490368,2014-07-03 13:51:03,as nice as satan's laptop
484332753283219456,2014-07-02 13:48:21,as nice as modifying your soul
483978952063873024,2014-07-01 14:22:28,as nice as rapid junes
483638759045742593,2014-06-30 15:50:40,as nice as waiting for ideal beings
483298935755526145,2014-06-29 17:20:20,as nice as the legend of the phoenix
482949127253553152,2014-06-28 18:10:19,as nice as losing everything with style
482601912370360320,2014-06-27 19:10:36,as nice as emo explanations
482273419221041152,2014-06-26 21:25:18,as nice as the golden age of being in jail
482127476307787776,2014-06-26 11:45:22,as nice as pancake facts
481902250294775808,2014-06-25 20:50:24,as nice as tweeting like a reliable professional
481770141332832256,2014-06-25 12:05:27,as nice as vicious sunshines
481450509396901888,2014-06-24 14:55:21,as nice as the unfinished
481100799414915073,2014-06-23 15:45:43,as nice as menstrual lakes
480759697742774272,2014-06-22 17:10:18,as nice as alien beauty
480406152799604736,2014-06-21 17:45:27,as nice as songs for jaded hearts
480061384521428992,2014-06-20 18:55:27,as nice as evil counterexamples
479741788455182336,2014-06-19 21:45:30,as nice as the art of not fitting in
479605913675104257,2014-06-19 12:45:35,as nice as x-rated atmospheres
479248543488962560,2014-06-18 13:05:31,as nice as riding a gorgeous quadruped
478901261459525632,2014-06-17 14:05:32,as nice as when the morning shines like a grimy diamond
478598421168021504,2014-06-16 18:02:10,as nice as the meat of an ex-god
478243239984893952,2014-06-15 18:30:48,as nice as smooth malarkey
477889554620628992,2014-06-14 19:05:23,as nice as a meaning you can dance to
477611451545563136,2014-06-14 00:40:18,as nice as ghostly goodbyes
477496272299909120,2014-06-13 17:02:37,as nice as laughing about the past
477154715034464256,2014-06-12 18:25:23,as nice as magnificent bananas
476801686322032642,2014-06-11 19:02:35,as nice as the beat
476447563072020480,2014-06-10 19:35:25,as nice as adequate illusions
476160631599796225,2014-06-10 00:35:15,as nice as huitzilopochtli
476022247661240321,2014-06-09 15:25:22,as nice as sincere pain
475674916722057216,2014-06-08 16:25:12,as nice as reading impressive books
475322624269369345,2014-06-07 17:05:19,as nice as tiptoeing gracefully
474971588597923840,2014-06-06 17:50:25,as nice as being kissed by the rain
474620526783389697,2014-06-05 18:35:26,as nice as eye-pleasing defects
474266983455010816,2014-06-04 19:10:34,as nice as when desire meets innocence
474000269244502016,2014-06-04 01:30:45,as nice as rodhlann
473922201695956992,2014-06-03 20:20:32,as nice as blossoming by accident
473579897412407296,2014-06-02 21:40:20,as nice as wet imagination
473261497377099776,2014-06-02 00:35:08,as nice as other species too
473152081441087488,2014-06-01 17:20:21,as nice as relatable nonsense
472895375289098240,2014-06-01 00:20:18,as nice as operating on a subconscious level
472769993390960640,2014-05-31 16:02:04,as nice as lovely fossils
472519153539362816,2014-05-30 23:25:19,as nice as insults from the 16th century
472380831940767745,2014-05-30 14:15:41,as nice as what the world needs
472030280900161536,2014-05-29 15:02:43,as nice as enjoying an exquisite death
471686255840092160,2014-05-28 16:15:41,as nice as a new concept called as cool as
471338982329286656,2014-05-27 17:15:45,as nice as galactic grandeur
471051136485847041,2014-05-26 22:11:57,"RT @Vidasejemplares: @asniceas

as nice as the lowest possible temperature in the universe"
470989090058678272,2014-05-26 18:05:24,as nice as inexpressible screams
470629233405210625,2014-05-25 18:15:27,as nice as being so old so soon
470377520798633984,2014-05-25 01:35:14,as nice as apologetic rap
470237876425617409,2014-05-24 16:20:21,as nice as a certain kind of academic pressure
469889495689879552,2014-05-23 17:16:00,as nice as insipid pretty eyes
469540813379481600,2014-05-22 18:10:28,as nice as the future you
469193558864691202,2014-05-21 19:10:36,as nice as being proudly useless
468906603648151555,2014-05-21 00:10:20,as nice as knowledgeable clowns
468784680637329408,2014-05-20 16:05:52,as nice as the shirts you shouldn't wear
468436523718033408,2014-05-19 17:02:25,as nice as making points on the internet
468086187551649792,2014-05-18 17:50:18,as nice as hostile horoscopes
467848339414069248,2014-05-18 02:05:10,as nice as electronic princesses
467711590549454849,2014-05-17 17:01:47,as nice as drowning in the afterlife
467450762944327680,2014-05-16 23:45:21,as nice as rick astley
467319927750524928,2014-05-16 15:05:27,as nice as nonsensical emotion
467237634537160704,2014-05-16 09:38:27,RT @thftmnstr: @asniceas as nice as having good knees
467078293687373824,2014-05-15 23:05:17,as nice as the final rope
466929892207370240,2014-05-15 13:15:36,as nice as bleeding superb blood
466758646828113920,2014-05-15 01:55:08,as nice as sayonara
466637881252278272,2014-05-14 17:55:15,as nice as the tridents of memory
466381170520117248,2014-05-14 00:55:10,as nice as international melancholia
466255378360320000,2014-05-13 16:35:19,as nice as eyeless pyramids
465898015140880384,2014-05-12 16:55:17,as nice as disappointing all your family
465538130582708225,2014-05-11 17:05:14,as nice as the age of plastic dolls
465307847941976064,2014-05-11 01:50:10,as nice as your interesting clone
465202186751062016,2014-05-10 18:50:19,as nice as horrible moonbeams
464931609641512963,2014-05-10 00:55:08,as nice as simplicity
464785777873141761,2014-05-09 15:15:39,as nice as misplaced #hashtags
464560431034810368,2014-05-09 00:20:12,as nice as deserving the impossible
464445967551696896,2014-05-08 16:45:22,as nice as comfortable rhythms
464213142856540160,2014-05-08 01:20:12,as nice as being dangerously pleased
464071004075995137,2014-05-07 15:55:24,as nice as soft paranoia
463841987804663809,2014-05-07 00:45:22,as nice as denizens of the dark
463719944300281857,2014-05-06 16:40:24,as nice as cheering you up
463510995961651200,2014-05-06 02:50:07,as nice as not google+
463404442394849280,2014-05-05 19:46:43,@hellobaphomet as nice as hoping that you're fine
463387755335389184,2014-05-05 18:40:24,as nice as the smile of the future
463100812294901760,2014-05-04 23:40:12,as nice as illegal fairy tales
462993826966433792,2014-05-04 16:35:05,as nice as the one you failed to be
462737175361355776,2014-05-03 23:35:14,as nice as lazy constellations
462608171207770112,2014-05-03 15:02:37,as nice as barking at strangers
462306537290354689,2014-05-02 19:04:02,as nice as america's giant nipple
462051963497353216,2014-05-02 02:12:27,as nice as serious tweets for serious people
461979143455113216,2014-05-01 21:23:05,RT @iseemelons: @asniceas as nice as watching something disintegrate and realizing that it's not your job to save it
461967621819482112,2014-05-01 20:37:18,RT @deathenergies: @asniceas as nice as life with canopies
461933540796817408,2014-05-01 18:21:53,RT @bizarrequotes: @asniceas as nice as forgotten felonies
461895849552117761,2014-05-01 15:52:06,RT @aaronhege: @asniceas as nice as remembering as nice as has a nice ass
461891654044377088,2014-05-01 15:35:26,RT @gnarlyjank: @asniceas as nice as redundant relationships
461883096124915712,2014-05-01 15:01:26,RT @YOU_ARE_DYING: @asniceas AS NICE AS ACCEPTING DEATH
461709971529691137,2014-05-01 03:33:30,as nice as invisible fun
461531526786990082,2014-04-30 15:44:25,as nice as the bliss of letting go
461166363835637760,2014-04-29 15:33:23,as nice as natural positivity
460807350736404480,2014-04-28 15:46:48,as nice as not caring about spacetime
460617646816645121,2014-04-28 03:12:59,as nice as wordless poetry
460441184599433216,2014-04-27 15:31:47,as nice as people you can't rescue
460265456772059137,2014-04-27 03:53:30,as nice as efficient dreamers
460084725047365632,2014-04-26 15:55:21,as nice as paths of uncertainty
459713291200512000,2014-04-25 15:19:24,as nice as nothing special
459369413511503872,2014-04-24 16:32:57,as nice as complaining beautifully
459050079069175808,2014-04-23 19:24:02,as nice as ironic tourism
458983545361661952,2014-04-23 14:59:39,as nice as respect for parallelepipeds
458753562676584448,2014-04-22 23:45:47,as nice as being clever in vain
458625552770170880,2014-04-22 15:17:07,as nice as erotic strangers
458404558507900928,2014-04-22 00:38:58,as nice as therapies against life
458245243612434432,2014-04-21 14:05:54,as nice as blacklisted feelings
457887976459370496,2014-04-20 14:26:15,as nice as old minds building new worlds
457537953221603328,2014-04-19 15:15:23,as nice as lethal eyeballs
457193388492988416,2014-04-18 16:26:12,as nice as having doubts and diplomas
456959121158602753,2014-04-18 00:55:19,as nice as doable
456854869517668352,2014-04-17 18:01:03,as nice as frustrated zarathustras
456527730138296321,2014-04-16 20:21:07,as nice as eating ice cream like a poet
456240473288351745,2014-04-16 01:19:40,as nice as legitimate obsessions
455885174040182784,2014-04-15 01:47:50,as nice as landscapes of no return
455764838665682946,2014-04-14 17:49:39,as nice as orange springs
455426546388705280,2014-04-13 19:25:24,as nice as everlasting heartbeats
455171251582271488,2014-04-13 02:30:57,as nice as staying true to your lies
454997964252266497,2014-04-12 15:02:22,as nice as unreliable parachutes
454640788253970433,2014-04-11 15:23:05,as nice as stalking someone new
454422361035776000,2014-04-11 00:55:08,as nice as raw unprofessionalism
454282878827134976,2014-04-10 15:40:53,as nice as mammalian interactions
453945061206933505,2014-04-09 17:18:31,as nice as sinking but swimming
453695490660765696,2014-04-09 00:46:48,as nice as the bells of peacefulness
453595796299337729,2014-04-08 18:10:39,as nice as friends with chloroform
453305738174418944,2014-04-07 22:58:04,as nice as googling the ungooglable
453180304644399104,2014-04-07 14:39:38,as nice as stranger shades of black
452832406928912386,2014-04-06 15:37:13,as nice as postmodern penetration
452507684227784704,2014-04-05 18:06:53,as nice as tears of anxiety
452161847949811713,2014-04-04 19:12:39,as nice as synthetic efflorescence
451903829219766272,2014-04-04 02:07:23,as nice as being too powerful
451810496665354240,2014-04-03 19:56:31,as nice as greetings from a hut
451450082953789442,2014-04-02 20:04:21,as nice as problematic jazz
451102471600242688,2014-04-01 21:03:04,as nice as eating that fish
451072760446742529,2014-04-01 19:05:01,as nice as former spermatozoa
450705505787604992,2014-03-31 18:45:40,as nice as mutual heat
450358913138188288,2014-03-30 19:48:26,as nice as having a tooth or two
449979356992249856,2014-03-29 18:40:13,as nice as overwhelming guilt
449620001201610752,2014-03-28 18:52:16,as nice as the end of your career
449260035408142336,2014-03-27 19:01:53,as nice as almost art
449027242883317761,2014-03-27 03:36:51,as nice as good boys with fair muscles
448987893705760770,2014-03-27 01:00:30,as nice as yellowed imaginations
448630486232219648,2014-03-26 01:20:17,as nice as being born weird
448548945535705088,2014-03-25 19:56:16,as nice as cotton hair and marmalade shirts
448294042267578368,2014-03-25 03:03:23,as nice as the minimum
448142876154019840,2014-03-24 17:02:42,as nice as idle id
447800286904848384,2014-03-23 18:21:22,as nice as dreamlike logic
447454699302944769,2014-03-22 19:28:08,as nice as the all-encompassing weep of what could have existed
447085455327375360,2014-03-21 19:00:53,as nice as we band of strangers
446740061158404096,2014-03-20 20:08:25,as nice as deserving to be a dragon
446386131354255360,2014-03-19 20:42:01,as nice as when reality talks
446035747033071616,2014-03-18 21:29:43,as nice as lost smiles
445662636563525634,2014-03-17 20:47:07,as nice as offline fantasies
445247635990269952,2014-03-16 17:18:03,as nice as any soothing sun
444859162686926849,2014-03-15 15:34:24,as nice as reruns of your childhood
444504149972238336,2014-03-14 16:03:42,as nice as elastic regrets
444149888193155072,2014-03-13 16:35:59,as nice as understanding the sea
443903805701505025,2014-03-13 00:18:09,as nice as no justifications
443786734518947840,2014-03-12 16:32:57,as nice as posting with the wrong account
443443606092005378,2014-03-11 17:49:29,as nice as skeletal woods by the river
443049616620412928,2014-03-10 15:43:54,as nice as ignoring what you are
442689212874489857,2014-03-09 15:51:47,as nice as cars with wheels
442353324365742080,2014-03-08 17:37:05,as nice as great hopes that fizzled out
442139921760141312,2014-03-08 03:29:06,as nice as hearing yes
441965966705303552,2014-03-07 15:57:52,as nice as an odyssey of minuscule events
441613728552071168,2014-03-06 16:38:12,as nice as everybody's dream
441268672032559104,2014-03-05 17:47:04,as nice as fixing things with flowers
440917457763860480,2014-03-04 18:31:28,as nice as unanswerable calls
440554294131953664,2014-03-03 18:28:23,as nice as new forms of oblivion
440191173378850816,2014-03-02 18:25:28,as nice as being kept as a pet
439843935390019584,2014-03-01 19:25:40,as nice as all your carbon atoms
439593840497152000,2014-03-01 02:51:53,as nice as edible perversions
439466113223917568,2014-02-28 18:24:20,@hellobaphomet as nice as going well with your nudity
439450761366609920,2014-02-28 17:23:20,as nice as innocent deserts
439086222544470016,2014-02-27 17:14:47,as nice as three-dimensional shadows
438742256095621120,2014-02-26 18:27:59,as nice as music for cats and plants
438372660008202242,2014-02-25 17:59:21,as nice as disappearing into love
438144657768599553,2014-02-25 02:53:21,as nice as world-class banality
438006672577921024,2014-02-24 17:45:03,as nice as the colors you'd like to be
437743168797155328,2014-02-24 00:17:58,as nice as eating and its plump consequences
437631554215374848,2014-02-23 16:54:28,as nice as anonymous girlfriends
437337011314503680,2014-02-22 21:24:03,as nice as something pure and doomed
437247372834668545,2014-02-22 15:27:52,as nice as the eerie life
437063992801247232,2014-02-22 03:19:10,as nice as having your pants stolen
436965131730571264,2014-02-21 20:46:20,as nice as believable illnesses
436606577391710209,2014-02-20 21:01:34,as nice as cosmic dust on vinyl nights
436216742566973440,2014-02-19 19:12:30,as nice as the other reality
436159222511075329,2014-02-19 15:23:56,RT @tendrthoughts: @asniceas as nice as annotated dictionaries with yellowed pages
435938726850469888,2014-02-19 00:47:46,as nice as being less wrong
435809266994126848,2014-02-18 16:13:20,as nice as lunatic footsteps
435476723581210624,2014-02-17 18:11:56,as nice as the dark charms of nature
435254927409954816,2014-02-17 03:30:36,as nice as decaying together
435236859958927361,2014-02-17 02:18:48,as nice as enlightening purrs
435137926607814657,2014-02-16 19:45:40,as nice as bringing joy to the masses
434883048841039873,2014-02-16 02:52:53,as nice as infinite schedules
434735277668450304,2014-02-15 17:05:41,as nice as venomous entertainment
434519055253258240,2014-02-15 02:46:30,as nice as donating your body to @hellobaphomet to make a pinball machine
434340343065350145,2014-02-14 14:56:22,as nice as the lucky letters of your name
434025611640991745,2014-02-13 18:05:44,as nice as jumping out of the world
433788588564561920,2014-02-13 02:23:53,as nice as paranormal advice
433641451579121664,2014-02-12 16:39:13,as nice as naive dreams in black and white
433430534933331968,2014-02-12 02:41:06,as nice as your powdered tears
433270646806953984,2014-02-11 16:05:46,as nice as nanoseconds of harmony
433069367450816512,2014-02-11 02:45:57,as nice as lust for the sexless moon
432923633808203776,2014-02-10 17:06:52,as nice as the photoshopped truth
432568305140776961,2014-02-09 17:34:55,as nice as helpful animals
432336675222478848,2014-02-09 02:14:30,as nice as loving you horizontally
432280340472676352,2014-02-08 22:30:39,as nice as bizarre absences
432198163152510976,2014-02-08 17:04:06,as nice as passive-aggressive poetry
431919127855628288,2014-02-07 22:35:19,as nice as coughing in b minor
431793915495481344,2014-02-07 14:17:46,as nice as gloom on pristine seasides
431465146980904960,2014-02-06 16:31:21,as nice as things you mustn't mutter
431188006922637312,2014-02-05 22:10:06,as nice as irrational joviality
431163675920318464,2014-02-05 20:33:25,RT @lrsphm: .@asniceas as nice as a winter tomato
431118854815629312,2014-02-05 17:35:19,as nice as years faster than cars
430846488420155392,2014-02-04 23:33:02,as nice as terrible adult whining
430736167592787968,2014-02-04 16:14:39,as nice as the man behind the bottle
430406068364410880,2014-02-03 18:22:57,as nice as microdarkness
430044188453785600,2014-02-02 18:24:59,as nice as your internal hellholes
429676023622291456,2014-02-01 18:02:01,as nice as neglected objects
429300141325971456,2014-01-31 17:08:24,as nice as bites of consciousness
428972949245550592,2014-01-30 19:28:15,as nice as hugging folks at random
428553778929733632,2014-01-29 15:42:37,as nice as the indescribable
428221882580471809,2014-01-28 17:43:47,as nice as all possible universes dancing together
427822290727100416,2014-01-27 15:15:57,as nice as your fine saliva
427644608953454592,2014-01-27 03:29:54,as nice as turquoise destinations
427485090294157312,2014-01-26 16:56:02,as nice as onomatopoeias from the future
427306895695937536,2014-01-26 05:07:57,RT @gardenprince: @asniceas as nice as soft moss in small caves
427301203404664833,2014-01-26 04:45:20,as nice as advanced daydreams
427239041869021184,2014-01-26 00:38:19,as nice as hiring a dj to save your life
427157675030626304,2014-01-25 19:15:00,as nice as a million liquid voices humming we are the rain
426935602047901696,2014-01-25 04:32:34,as nice as roads you can't even fathom
426746564116099072,2014-01-24 16:01:24,as nice as snakes for earrings
426356699466043392,2014-01-23 14:12:13,as nice as aethereal aeons
426155373641228289,2014-01-23 00:52:13,as nice as being friends with a gnu
426086394453168128,2014-01-22 20:18:07,as nice as one-way nightmares
425808914983444481,2014-01-22 01:55:31,as nice as the sexual smell of prehistoric forests
425669966919000064,2014-01-21 16:43:23,as nice as helvetica
425455410846638080,2014-01-21 02:30:49,as nice as impossible states of mind
425390478867963906,2014-01-20 22:12:48,as nice as beautiful worries
425060880171012096,2014-01-20 00:23:05,as nice as people who look like holes
424946985494675457,2014-01-19 16:50:31,as nice as grumpy forms of sadness
424722716126904320,2014-01-19 01:59:21,as nice as what happens after the door is locked
424560516330033152,2014-01-18 15:14:49,as nice as unforgivable poems
424320545920778240,2014-01-17 23:21:16,as nice as strong dialogues in your head
424187906899857410,2014-01-17 14:34:12,as nice as wasted millennia
423865972886224896,2014-01-16 17:14:57,as nice as the right places to weep
423524802616233984,2014-01-15 18:39:16,as nice as trusting the music
423192940916137984,2014-01-14 20:40:34,as nice as unavoidable accidents
423131642593816576,2014-01-14 16:36:59,RT @gnarlyjank: @asniceas as nice as a pleasant inconvenience
422787817974935552,2014-01-13 17:50:45,as nice as the bright side of mortality
422461607646478336,2014-01-12 20:14:30,as nice as partial omniscience
422455269126193153,2014-01-12 19:49:19,as nice as adorable moonlights
422199611378638848,2014-01-12 02:53:26,@lamIamlam as nice as liquid facts
422182167641600000,2014-01-12 01:44:07,as nice as incredibly normal situations
422164380994637824,2014-01-12 00:33:26,as nice as some hubbub
422028190694273024,2014-01-11 15:32:16,as nice as performing your life
421768457303371776,2014-01-10 22:20:10,as nice as reading @paroxysmatic to find some sparks #ff
421725249655549952,2014-01-10 19:28:29,RT @ShrhMI: @asniceas as nice as mutual fondness .
421493079066288128,2014-01-10 04:05:55,as nice as unintentional charm
421472751019630592,2014-01-10 02:45:09,as nice as noteworthy usernames
421469194899963904,2014-01-10 02:31:01,as nice as actual physical females
421346995622510592,2014-01-09 18:25:26,as nice as beloved eccentricities
421040629209366528,2014-01-08 22:08:03,as nice as honeymoons with the universe
420958694000852992,2014-01-08 16:42:28,as nice as syllables of beauty
420921854446940160,2014-01-08 14:16:05,as nice as dodgy marketplaces
420649628015415296,2014-01-07 20:14:21,as nice as better forms of brainwashing
420611755069284353,2014-01-07 17:43:51,as nice as affordable drama
420393046371741697,2014-01-07 03:14:47,as nice as a climate war led by angry snowmen
420368175218573312,2014-01-07 01:35:57,as nice as realistic poverty
420345712518651904,2014-01-07 00:06:42,as nice as virtual bards
420226429516013568,2014-01-06 16:12:42,as nice as biting a nose
420047780485554176,2014-01-06 04:22:49,as nice as remarkable nobodies
419866368255995904,2014-01-05 16:21:57,as nice as lipstick traces from a long time ago
419565318638678017,2014-01-04 20:25:41,as nice as satisfying events
419470675645333504,2014-01-04 14:09:37,as nice as when we were worse
419462299221762048,2014-01-04 13:36:20,RT @kristinafafa: @asniceas as nice as longing for nobody
419190262255353857,2014-01-03 19:35:21,as nice as smiling too late
419125855395536896,2014-01-03 15:19:25,as nice as smooth inaction
418970029640941568,2014-01-03 05:00:13,as nice as kissable anatomies
418776106221977600,2014-01-02 16:09:38,as nice as being attractively unattractive
418770246162743296,2014-01-02 15:46:21,RT @TheDailyRegret: @asniceas as nice as less needs
418483707696402434,2014-01-01 20:47:45,as nice as alternate truths
418239814539153408,2014-01-01 04:38:36,as nice as more wishes
418130047858647040,2013-12-31 21:22:26,as nice as urgently needed girls
417849298026381312,2013-12-31 02:46:50,as nice as bifurcations in life
417751132329373696,2013-12-30 20:16:46,as nice as unopened love letters
417704048121229312,2013-12-30 17:09:40,as nice as hostile immensities
417394664942342144,2013-12-29 20:40:17,as nice as being deleted by you
417333545464758273,2013-12-29 16:37:25,as nice as sexual randomness
417148810050424832,2013-12-29 04:23:21,as nice as 2013
417129420831608832,2013-12-29 03:06:18,as nice as blackmailing your favorite singer
417122319002521601,2013-12-29 02:38:05,as nice as human comets
416995299568418816,2013-12-28 18:13:21,as nice as remaining virtual
416935598352781312,2013-12-28 14:16:07,as nice as neutral love
416879589949190144,2013-12-28 10:33:34,as nice as potentially offensive murmurs
416642169911668736,2013-12-27 18:50:08,as nice as a tunnel of days and days
416625208792203264,2013-12-27 17:42:44,as nice as infinitesimal winks
416613266522378240,2013-12-27 16:55:17,as nice as hip doubts
416597036423970817,2013-12-27 15:50:48,RT @414sqdeg: @tim_hecker as nice as miserable past lives
416596519115313155,2013-12-27 15:48:44,RT @414sqdeg: @0PN as nice as genderless creatures
416294564497195008,2013-12-26 19:48:53,as nice as abstract newspapers
416234398582075392,2013-12-26 15:49:48,as nice as creepy dictionaries
415952316555345920,2013-12-25 21:08:54,as nice as indirect friendships
415905270653784064,2013-12-25 18:01:58,as nice as the aggressive santa claus
415871782919606272,2013-12-25 15:48:54,as nice as arguing with your dream
415535259187699712,2013-12-24 17:31:40,as nice as the disappearance of a nameless something
415219878405341184,2013-12-23 20:38:28,RT @tendrthoughts: @asniceas as nice as a stranger's smile
415185209999753217,2013-12-23 18:20:42,as nice as elegant misdemeanors
414858596128927744,2013-12-22 20:42:51,as nice as fragile joy
414797983419752448,2013-12-22 16:42:00,as nice as nice niceness overall
414435942079160321,2013-12-21 16:43:23,as nice as useful rainbows
414077071158411266,2013-12-20 16:57:21,as nice as wearing socks
413780019560083456,2013-12-19 21:16:58,as nice as the twin abysses of life and death
413766554606911489,2013-12-19 20:23:28,RT @ShrhMI: @asniceas as nice as telepathic conversation .
413415546500431872,2013-12-18 21:08:41,as nice as pointlessness
413039822773960704,2013-12-17 20:15:42,as nice as self-devouring landscapes
412644657634746368,2013-12-16 18:05:27,as nice as being part of your pain
412351898742951936,2013-12-15 22:42:08,as nice as luscious raindrops
412041143803998208,2013-12-15 02:07:18,as nice as endless ellipses
411880058148892672,2013-12-14 15:27:12,as nice as unofficial shadows
411538793624522753,2013-12-13 16:51:09,as nice as blending with the void
411263280590909440,2013-12-12 22:36:21,as nice as confident garbage
410991959508271104,2013-12-12 04:38:13,as nice as washing your perception
410991373786316800,2013-12-12 04:35:54,RT @darkreliquum: @asniceas as nice as infected scars
410805648658804737,2013-12-11 16:17:53,as nice as dos and don'ts from outer space
410589812413169664,2013-12-11 02:00:14,as nice as newer identities
410482338163089408,2013-12-10 18:53:10,as nice as impressive monologues
410413226799951874,2013-12-10 14:18:33,as nice as the glue of everydayness
410146874663129088,2013-12-09 20:40:09,as nice as lucid neighborhoods
410069820491964416,2013-12-09 15:33:58,as nice as praying for the unborn
409817831824703488,2013-12-08 22:52:39,as nice as recreational depression
409698079894675456,2013-12-08 14:56:48,as nice as dreams to avoid
409544774925156352,2013-12-08 04:47:37,as nice as logical shopping
409384276870713346,2013-12-07 18:09:52,as nice as fresh impossibilities
409353119236386816,2013-12-07 16:06:03,as nice as underrated hells
409175661308149760,2013-12-07 04:20:54,as nice as beings in decline
409162454766465025,2013-12-07 03:28:25,as nice as quizzical dandelions
409150804034351105,2013-12-07 02:42:07,as nice as sublunary boredom
409082422220046336,2013-12-06 22:10:24,as nice as a wise vice
409053999313481729,2013-12-06 20:17:27,as nice as mumbling freely
409022957634461696,2013-12-06 18:14:07,as nice as strange tenderness
409019948124876800,2013-12-06 18:02:09,as nice as clich√© zephyrs
408810788250714112,2013-12-06 04:11:01,as nice as suave apparitions
408751570088890368,2013-12-06 00:15:43,as nice as nuances gone wild
408648260816216064,2013-12-05 17:25:12,as nice as the magic milk of desire
408438046196244480,2013-12-05 03:29:53,as nice as ephemerality
408419860218413056,2013-12-05 02:17:37,as nice as true religions
408398628378521600,2013-12-05 00:53:15,as nice as anomalous moustaches
408279219097964545,2013-12-04 16:58:45,as nice as derelict worlds
408065926320230400,2013-12-04 02:51:12,as nice as a lot of leaves
407951255441375232,2013-12-03 19:15:33,as nice as tasting the absurd
407710598974406656,2013-12-03 03:19:16,as nice as accidental music
407661785253437440,2013-12-03 00:05:18,as nice as addictive privacy
407559001413808128,2013-12-02 17:16:52,as nice as clever nightmares
407530517513654272,2013-12-02 15:23:41,as nice as autobiographical paleness
407378115154157568,2013-12-02 05:18:06,as nice as a dress made of corrupt air
407245345719353344,2013-12-01 20:30:31,as nice as nobody's god
407142057019707392,2013-12-01 13:40:05,as nice as dicey decembers
406982520929280000,2013-12-01 03:06:09,as nice as man-eating fruits
406945473170505728,2013-12-01 00:38:56,as nice as cuddling the reality
406918373873049600,2013-11-30 22:51:15,as nice as metaphors with permission
406859486570491905,2013-11-30 18:57:15,as nice as successful tombs
406518134192226304,2013-11-29 20:20:50,as nice as cute oceans
406434982069301248,2013-11-29 14:50:25,as nice as life-changing boyfriends
406230365859487744,2013-11-29 01:17:21,as nice as the secret doors of imagination
406145998453735424,2013-11-28 19:42:06,as nice as ascii hearts
406068336041418752,2013-11-28 14:33:30,as nice as unclassified sex
405886138797522945,2013-11-28 02:29:31,as nice as your best phobia
405869967708794880,2013-11-28 01:25:15,as nice as galaxies to dream with
405862974382157825,2013-11-28 00:57:28,as nice as a paper piano
405850050250944512,2013-11-28 00:06:06,as nice as the habitat of giraffes
405697870072119296,2013-11-27 14:01:24,as nice as dying amusingly
405502223636905985,2013-11-27 01:03:58,as nice as eternal feelings
405501103589961729,2013-11-27 00:59:31,as nice as quixotism
405493351010410496,2013-11-27 00:28:43,as nice as true hideouts
405326707525427200,2013-11-26 13:26:32,as nice as w-shaped buttocks
405138577950273536,2013-11-26 00:58:58,as nice as shakespearean cousins
405129381406048256,2013-11-26 00:22:26,as nice as the facts
404991056745209860,2013-11-25 15:12:46,as nice as dancing with the daylight
404611251437056000,2013-11-24 14:03:34,as nice as delicious assumptions
404489875824848896,2013-11-24 06:01:16,as nice as walls that won't answer
404251460525121536,2013-11-23 14:13:53,as nice as the perpetual kiss of action
404059007868211200,2013-11-23 01:29:09,as nice as worthless drummers
403891242897260544,2013-11-22 14:22:30,as nice as big-budget tweets
403598270955794432,2013-11-21 18:58:20,as nice as a salad of clouds
403551309066158080,2013-11-21 15:51:44,as nice as universal popcorn
403333294982324224,2013-11-21 01:25:25,as nice as burning in silence
403244098376986624,2013-11-20 19:30:59,as nice as scary lists
403243848727814144,2013-11-20 19:30:00,@HowardHedgehog as nice as fictive hedgehogs
403194358092300288,2013-11-20 16:13:20,as nice as famous underachievers
402959973669675009,2013-11-20 00:41:59,as nice as flashes of a better life
402810651783204864,2013-11-19 14:48:37,as nice as undercover poets
402625254918717440,2013-11-19 02:31:55,as nice as what's truly unimportant
402574241796997120,2013-11-18 23:09:13,as nice as random resurrections
402567925187764224,2013-11-18 22:44:07,as nice as clownish chores
402460424119267328,2013-11-18 15:36:57,as nice as motivational backstabs
402240714815602691,2013-11-18 01:03:54,as nice as sleeping for a reason
402126299403419648,2013-11-17 17:29:15,as nice as removable minds
402110821612146688,2013-11-17 16:27:45,as nice as glamorous imperialism
401900218670923776,2013-11-17 02:30:53,RT @bizarrequotes: @asniceas as nice as sitting in a hot whirling pool of water with naked weirdos
401895518454185984,2013-11-17 02:12:13,as nice as zany diplomas
401867278578630656,2013-11-17 00:20:00,as nice as the gentle illusion of time
401864595662708736,2013-11-17 00:09:20,as nice as being a piece of meat
401762766908039168,2013-11-16 17:24:42,as nice as enjoyable suicide notes
401758729282269184,2013-11-16 17:08:40,as nice as frowning faces
401758090334601216,2013-11-16 17:06:07,RT @jumaswiny: @asniceas as nice as poop culture
401530229673689088,2013-11-16 02:00:41,as nice as sublime strangers
401377949833625601,2013-11-15 15:55:35,as nice as zilch
401150613381459968,2013-11-15 00:52:13,as nice as the mysterious clumping of gigantic alien worlds
401087483737571328,2013-11-14 20:41:22,as nice as a collection of sighs
401081001897902081,2013-11-14 20:15:37,as nice as mainstream screams
401074956580421632,2013-11-14 19:51:35,as nice as dated dates
400979237558956032,2013-11-14 13:31:14,as nice as a thought that loves its thinker
400947336102162433,2013-11-14 11:24:28,as nice as bureaucratic sports
400736633521455104,2013-11-13 21:27:13,as nice as stupendous levels of profanity
400682163760529408,2013-11-13 17:50:46,@iseemelons as nice as lying to the dark
400526844216508416,2013-11-13 07:33:35,as nice as imaginary imagination
400283931536531456,2013-11-12 15:28:20,as nice as a profitable death
400068513228156928,2013-11-12 01:12:21,as nice as innocence reborn
399929045724712960,2013-11-11 15:58:09,as nice as a godlike pair of lips
399738493561475072,2013-11-11 03:20:58,as nice as classic affection
399693850190811136,2013-11-11 00:23:34,as nice as future ghosts
399582713508016129,2013-11-10 17:01:57,as nice as gross metaphysics
399357789816258560,2013-11-10 02:08:11,as nice as the wine of compassion
399189167525359616,2013-11-09 14:58:08,as nice as being professionally murdered
399007775898234880,2013-11-09 02:57:21,as nice as unforgettable haircuts
398850600844394496,2013-11-08 16:32:48,as nice as the trap of being born
398843416928595968,2013-11-08 16:04:15,as nice as songs about plankton
398834200390168576,2013-11-08 15:27:38,as nice as signature obviousness
398678197744959488,2013-11-08 05:07:44,@TheDailyRegret as nice as the memoirs of a tuxedo
398677974398283776,2013-11-08 05:06:50,as nice as talented clouds
398674006712520705,2013-11-08 04:51:04,as nice as viral absurdity
398505912727764992,2013-11-07 17:43:08,RT @iseemelons: @asniceas as nice as hugging a favorite book to sleep
398498736072310784,2013-11-07 17:14:37,as nice as the blow of a distant kiss
398330220245446657,2013-11-07 06:04:59,as nice as normal unicorns
398328813207429120,2013-11-07 05:59:24,as nice as unlubricated alternatives
398325074836877312,2013-11-07 05:44:33,as nice as dismissive meteors
398324689887834112,2013-11-07 05:43:01,@emmymcatamney as nice as masked versatility
398284825293242368,2013-11-07 03:04:36,as nice as someone else's crotch
398280575863500800,2013-11-07 02:47:43,as nice as dapper despair
398266405608751104,2013-11-07 01:51:25,as nice as your next life
398261393813958656,2013-11-07 01:31:30,as nice as voodoo crooners
398189561790353408,2013-11-06 20:46:04,as nice as treasures from the unspeakable
398186027149701120,2013-11-06 20:32:01,as nice as certified problems
398108748805570560,2013-11-06 15:24:56,as nice as interesting nostrils
397928832801705984,2013-11-06 03:30:01,as nice as the noiselessness of a crushed heart
397923897771032576,2013-11-06 03:10:24,as nice as sexier replacements
397917302471290880,2013-11-06 02:44:12,as nice as irrelevant finish lines
397914395667599361,2013-11-06 02:32:39,RT @JUDYDESJARLAIS: @asniceas   ...as nice as humanly possible...
397899431569534976,2013-11-06 01:33:11,as nice as deviant descriptions
397832868388683776,2013-11-05 21:08:41,as nice as aphrodisiac jealousy
397756927285149696,2013-11-05 16:06:56,as nice as conservative punk
397556237895995395,2013-11-05 02:49:28,as nice as pampering your fate
397555489812533250,2013-11-05 02:46:29,@calistaseow as nice as mutual appreciation
397532168685367296,2013-11-05 01:13:49,as nice as the wrong kind of good ideas
397524477745315840,2013-11-05 00:43:15,as nice as the penumbra
397422356563763200,2013-11-04 17:57:28,as nice as debilitating music in the background
397375324381790208,2013-11-04 14:50:34,as nice as gorgeous science
397254097491210240,2013-11-04 06:48:52,as nice as second-hand fantasies
397253535601283072,2013-11-04 06:46:38,@jhin_herbs as nice as incomprehensible promises
397253252942950400,2013-11-04 06:45:30,@jumaswiny as nice as morning amateurism
397252954618855425,2013-11-04 06:44:19,RT @jhin_herbs: @asniceas as nice as heartbeats
397194242805989376,2013-11-04 02:51:01,as nice as edible colors
397116003467132928,2013-11-03 21:40:07,as nice as a good whiff of objectivity
397100945232109568,2013-11-03 20:40:17,as nice as prestigious monkeys
397098556185919488,2013-11-03 20:30:48,RT @jumaswiny: @asniceas as nice as stereo snore
397096300057198592,2013-11-03 20:21:50,as nice as better excuses
397046702009757696,2013-11-03 17:04:45,as nice as existential quarantines
397029314862284800,2013-11-03 15:55:39,as nice as irresponsible love songs
396778210509475840,2013-11-02 23:17:51,as nice as a fifth season
396778095405170688,2013-11-02 23:17:24,@Buajity as nice as superlative imagination
396774599184359424,2013-11-02 23:03:30,as nice as mental jewelry
396767901904293888,2013-11-02 22:36:54,as nice as informative parrots
396658897307828224,2013-11-02 15:23:45,as nice as being so real
396655496935243776,2013-11-02 15:10:14,as nice as plummeting instants
396652322677600256,2013-11-02 14:57:37,as nice as peace for the ears
396513096287944704,2013-11-02 05:44:23,as nice as unknown attractions
396512763616690176,2013-11-02 05:43:04,RT @jhin_herbs: @asniceas as nice as deep cuts in the morning
396512177253015552,2013-11-02 05:40:44,RT @LadyVodkax: as nice as boobs
396511295559970816,2013-11-02 05:37:14,as nice as credible art
396462245443809280,2013-11-02 02:22:19,as nice as interchangeable feels
396458313975869440,2013-11-02 02:06:42,as nice as extreme forgetfulness
396445398044512256,2013-11-02 01:15:23,as nice as creative creeps
396361529970663425,2013-11-01 19:42:07,as nice as being banned in canada
396360302511783936,2013-11-01 19:37:14,as nice as nanopolycrystals
396348375517634560,2013-11-01 18:49:51,as nice as the chords of paradise
396126488954945536,2013-11-01 04:08:09,as nice as aging for free
396120658167734272,2013-11-01 03:44:59,as nice as drafts of your life
396118753014218752,2013-11-01 03:37:24,as nice as lollipop aesthetics
396113247981801472,2013-11-01 03:15:32,as nice as the burps of a well-sated mind
396112590847610880,2013-11-01 03:12:55,RT @iam_noodleboy: @asniceas as nice as a bowl of noodles
396112553874849792,2013-11-01 03:12:46,RT @MiaRidzuan: @asniceas as nice as your mind
396112462061531136,2013-11-01 03:12:25,RT @jumaswiny: @asniceas as nice as warm beer
396049047464988672,2013-10-31 23:00:25,as nice as otherworldly romance
395963098521427968,2013-10-31 17:18:53,as nice as unseeing the void
395931312890335232,2013-10-31 15:12:35,as nice as delicate insincerity
395816883410436096,2013-10-31 07:37:53,as nice as pure silence
395713117713612800,2013-10-31 00:45:33,as nice as spoilers about the afterlife
395707195406696448,2013-10-31 00:22:01,as nice as occult twerking
395701175833862144,2013-10-30 23:58:06,as nice as reputable stranglers
395616639544479744,2013-10-30 18:22:11,as nice as timeless honesty
395597891714416641,2013-10-30 17:07:41,as nice as clouds for all the family
395574450735026177,2013-10-30 15:34:33,as nice as a certain kind of emotion
395554056560996352,2013-10-30 14:13:30,as nice as machiavellian food
395205336476700673,2013-10-29 15:07:49,as nice as inspirational disasters
395193346538614784,2013-10-29 14:20:10,as nice as the smell of old things
395033996608155648,2013-10-29 03:46:58,as nice as native grace
395033163409686528,2013-10-29 03:43:40,as nice as sincere priapism
395031924156403712,2013-10-29 03:38:44,as nice as various buildings
394845787802566656,2013-10-28 15:19:06,as nice as the unpopular reality
394844516739719168,2013-10-28 15:14:03,as nice as two mirrors telling each other an infinite story
394843056119504896,2013-10-28 15:08:15,as nice as the adventures of a mirror
394603682148663296,2013-10-27 23:17:03,as nice as global everythingness
394527933626593280,2013-10-27 18:16:04,as nice as being so-so at the right time
394476021082509312,2013-10-27 14:49:47,as nice as haunted heads
394330611395334144,2013-10-27 05:11:58,as nice as vague expectations
394324390604980224,2013-10-27 04:47:15,as nice as platonic duckfaces
394320577676447744,2013-10-27 04:32:06,as nice as supernatural testicles
394187842475532289,2013-10-26 19:44:39,as nice as following the future
394106342551875584,2013-10-26 14:20:48,as nice as what lions imagine
394104315352477696,2013-10-26 14:12:45,as nice as the word phlox
393947085240016896,2013-10-26 03:47:58,as nice as touching the heartless night
393940117091786752,2013-10-26 03:20:17,as nice as majestic rubbish
393920563061985280,2013-10-26 02:02:35,as nice as online talent
393911832400130048,2013-10-26 01:27:54,as nice as seeing the universe as a toy
393878359526363136,2013-10-25 23:14:53,as nice as the oval wheels of ignorance
393851728044765184,2013-10-25 21:29:04,as nice as a clean yeti
393751520174669824,2013-10-25 14:50:52,as nice as something irrevocable
393531198556749824,2013-10-25 00:15:23,as nice as pure poetry flying around
393510801002070016,2013-10-24 22:54:20,as nice as complex misdirections
393508012255506432,2013-10-24 22:43:15,as nice as an awkward midas
393450848405032960,2013-10-24 18:56:06,as nice as the possibility of a dream
393399096439873536,2013-10-24 15:30:28,as nice as fresh human juice
393195551506055168,2013-10-24 02:01:39,as nice as grammatical justice for all
393141158530285568,2013-10-23 22:25:31,as nice as palpable time
393125407207464960,2013-10-23 21:22:55,as nice as vaginal commitment
393020339091169280,2013-10-23 14:25:25,as nice as lovely minds in action
392844792801284096,2013-10-23 02:47:51,as nice as ex-anomalies
392836819198701568,2013-10-23 02:16:10,as nice as necessary earthlings
392813217418084353,2013-10-23 00:42:23,as nice as the first dancer
392811016335417344,2013-10-23 00:33:39,as nice as retweets from the underground
392808020927078400,2013-10-23 00:21:44,as nice as embarrassing chromosomes
392807730261790721,2013-10-23 00:20:35,as nice as belonging to the flowers
392805310278402048,2013-10-23 00:10:58,as nice as attractive skeletons
392803530534567936,2013-10-23 00:03:54,as nice as disgusting planets
392800903788777472,2013-10-22 23:53:28,as nice as asexual glares
392632057127784449,2013-10-22 12:42:31,as nice as what life isn't
392424255893549056,2013-10-21 22:56:48,as nice as flawless noise
392311424229597184,2013-10-21 15:28:26,as nice as when the sun paints everything in white
392307645807603712,2013-10-21 15:13:26,as nice as bad joy
392127792777023488,2013-10-21 03:18:45,as nice as healthy tweets to entertain young people @jumaswiny
392127407056224256,2013-10-21 03:17:13,RT @jumaswiny: @asniceas as nice as diet
392095519058952192,2013-10-21 01:10:31,as nice as thighs
392027762011435009,2013-10-20 20:41:16,as nice as when ego became inaccurate
391923579568553984,2013-10-20 13:47:17,as nice as twitterian citizenship
391763021699497984,2013-10-20 03:09:17,as nice as glorious nonsense
391740755385282561,2013-10-20 01:40:48,as nice as the bug that just erased the as nice as archive
391623655098052608,2013-10-19 17:55:30,as nice as experimental monogamy
391580686814949376,2013-10-19 15:04:45,as nice as rejuvenating back to the day you weren't born
391361479556886528,2013-10-19 00:33:42,as nice as uncredited passion
391324270485594112,2013-10-18 22:05:51,as nice as lifelike silhouettes crushed in the haze
391262882135953408,2013-10-18 18:01:55,as nice as a dead text
391214899843829760,2013-10-18 14:51:15,as nice as casual australopithecines
391214391024439296,2013-10-18 14:49:13,RT @jumaswiny: @asniceas as nice as indifferent crush
390886348183199744,2013-10-17 17:05:42,as nice as a correct womb
390561148338065408,2013-10-16 19:33:28,as nice as sleepless beauty
390163223313252352,2013-10-15 17:12:15,as nice as melancholic territories
390121250150187008,2013-10-15 14:25:28,as nice as growling and clucking transformations
389863720022999040,2013-10-14 21:22:08,as nice as imaginative kindness
389788140757458944,2013-10-14 16:21:49,as nice as dreams of insomnia
389755701544747008,2013-10-14 14:12:55,as nice as quivering beauty in unknown places
389562956394299392,2013-10-14 01:27:01,as nice as the life of a mosquito
389505537215574017,2013-10-13 21:38:51,as nice as deep frivolity
389450010821009408,2013-10-13 17:58:12,as nice as downloadable genius
389376427256451072,2013-10-13 13:05:49,as nice as obscene phone calls
389220273775738880,2013-10-13 02:45:19,as nice as a friendly clock
389153756447006720,2013-10-12 22:21:00,as nice as when sadness looks like a slap
389056230167035904,2013-10-12 15:53:28,as nice as minds tattooed by poetry
388797533939453952,2013-10-11 22:45:30,as nice as attention-seeking twilights
388745464667181056,2013-10-11 19:18:35,as nice as familiar strangeness
388595225763266560,2013-10-11 09:21:36,as nice as a softer shade of hell
388364423112306688,2013-10-10 18:04:28,as nice as fashionable meltdowns
388363116880207873,2013-10-10 17:59:17,as nice as underground human rights
388308404043005952,2013-10-10 14:21:52,as nice as an army of fantasies
388114683024388096,2013-10-10 01:32:05,as nice as faith in something
388064028452741120,2013-10-09 22:10:48,as nice as a wrestling event between twitter poets
388059296044679168,2013-10-09 21:52:00,as nice as fear at its finest
387968153776439296,2013-10-09 15:49:50,as nice as anonymous internet love
387938990604574720,2013-10-09 13:53:57,as nice as handsome oblivion
387756769810079744,2013-10-09 01:49:52,as nice as hilarious republics
387741194282733568,2013-10-09 00:47:59,as nice as a feeling made of every possible feeling
387682985392476161,2013-10-08 20:56:41,as nice as the smell of nowhere
387569566571716609,2013-10-08 13:26:00,as nice as being cherished by the purring wind
387364212135055360,2013-10-07 23:49:59,as nice as twitter copy protection
387266199475597313,2013-10-07 17:20:31,as nice as a beauteous shame
387245119248015360,2013-10-07 15:56:45,as nice as monday screaming
387209729656639488,2013-10-07 13:36:08,as nice as the art of being nothing
387041373696053248,2013-10-07 02:27:09,as nice as paranoid howls
387021629286805504,2013-10-07 01:08:41,as nice as circuitous imaginations
387008859316842496,2013-10-07 00:17:56,as nice as unreal faces
386958649241112576,2013-10-06 20:58:25,as nice as pluralism when everything collapses
386933350989959168,2013-10-06 19:17:54,as nice as corporate poets
386928795866779648,2013-10-06 18:59:48,as nice as heartwarming solitude
386923965878243328,2013-10-06 18:40:36,as nice as the comprehensive drug abuse prevention and control act of 1970 @MiaRidzuan
386914752288395264,2013-10-06 18:04:00,as nice as radical sleepwalking
386868684888608770,2013-10-06 15:00:56,as nice as flexible love stories
386735173280489472,2013-10-06 06:10:25,as nice as the smiling colors of october
386694514263744512,2013-10-06 03:28:51,as nice as a cage of thoughts
386687316959719425,2013-10-06 03:00:15,as nice as preventive hysteria
386671919925587968,2013-10-06 01:59:04,as nice as questionable disco
386620252010057728,2013-10-05 22:33:45,as nice as what never comes back
386590671517519872,2013-10-05 20:36:13,as nice as cloud-capped ambition
386556616314585088,2013-10-05 18:20:53,as nice as deleted dreams
386532315536429057,2013-10-05 16:44:20,as nice as a million beings blowing by
386502948710121477,2013-10-05 14:47:38,as nice as overaged singers in las vegas
386302232029036544,2013-10-05 01:30:03,as nice as smithereens of unicity
386295263398461440,2013-10-05 01:02:22,as nice as astute apocalypses
386267029537579008,2013-10-04 23:10:10,as nice as those distant dancing times
386260777268969472,2013-10-04 22:45:20,@HotepAmir as nice as specializing in love
386260676903469056,2013-10-04 22:44:56,RT @HotepAmir: @asniceas as nice as affordable education with a one way to ticket to the academia
386237948028788736,2013-10-04 21:14:37,as nice as animal dreams
386225809767559169,2013-10-04 20:26:23,as nice as hurling through space and time
386191000642654208,2013-10-04 18:08:04,as nice as a gracious vacuum
386174100957167616,2013-10-04 17:00:55,as nice as being one step away from awesomeness
386124255068692480,2013-10-04 13:42:50,as nice as viscid relationships
385990161802461184,2013-10-04 04:50:00,as nice as gambling with words
385959891065901056,2013-10-04 02:49:43,as nice as digital deception
385954170068795392,2013-10-04 02:26:59,as nice as a thing called quality
385940386164015104,2013-10-04 01:32:13,as nice as naive love
385893669846675457,2013-10-03 22:26:35,as nice as the corrupted face of the moon
385873296795131904,2013-10-03 21:05:37,as nice as iconic philosophers
385860234419666944,2013-10-03 20:13:43,as nice as the zeitgeist industry
385829838562398208,2013-10-03 18:12:56,as nice as erratic birds in the backlight
385810002474045440,2013-10-03 16:54:07,as nice as cold-blooded ecology
385798408310505472,2013-10-03 16:08:02,as nice as erotolalia
385770928472600577,2013-10-03 14:18:51,as nice as savage remembrances from another life
385757752444080128,2013-10-03 13:26:29,as nice as a desperate beast
385600459727446016,2013-10-03 03:01:28,as nice as heaps of poetry
385561615245922304,2013-10-03 00:27:07,as nice as being sort of generic
385542388862976000,2013-10-02 23:10:43,as nice as the remaining halo of past brilliancies
385531468929572864,2013-10-02 22:27:19,as nice as charlatanesque radicality
385492627988414464,2013-10-02 19:52:59,as nice as the seamless duality of the hermaphrodite
385476029159976960,2013-10-02 18:47:01,as nice as a bona fide heart
385472356556103681,2013-10-02 18:32:26,as nice as unwanted pizzicati
385431224451215361,2013-10-02 15:48:59,as nice as the watery grumble of old love griefs
385410870265643008,2013-10-02 14:28:06,as nice as the incommunicable teachings of life
385405585924947968,2013-10-02 14:07:06,as nice as cannonading thunderbolts
385393161256062976,2013-10-02 13:17:44,as nice as jute bags filled with gravel
385392046129029120,2013-10-02 13:13:18,RT @didyoukillrita: @asniceas as nice as cognitive dissonance
385170883465445376,2013-10-01 22:34:29,as nice as an infinitesimally deep and complex hallucination
385158298611486720,2013-10-01 21:44:28,as nice as happy endings in real life
385154434269184000,2013-10-01 21:29:07,as nice as masturbatory divination
385153104830029824,2013-10-01 21:23:50,as nice as downright controversy
385135166768697344,2013-10-01 20:12:33,as nice as underrated paganisms
385134965232386048,2013-10-01 20:11:45,as nice as the phantom limb experience
385134274623438849,2013-10-01 20:09:01,as nice as the queen of england
385133757339947008,2013-10-01 20:06:57,as nice as our own abyss
385133404133416960,2013-10-01 20:05:33,as nice as a virtuous chatterbox
385132004951355393,2013-10-01 20:00:00,@harmonicait @____exist as nice as doing your own thing
385128500186714113,2013-10-01 19:46:04,as nice as the utopia of love
385128390841208832,2013-10-01 19:45:38,as nice as cubeheads in disguise
385127590291189760,2013-10-01 19:42:27,as nice as stoician luxury
385127436729323520,2013-10-01 19:41:50,as nice as superplasticity
385127243485159424,2013-10-01 19:41:04,as nice as a wonky lifestyle
385118494469025792,2013-10-01 19:06:18,as nice as underwhelming underagers
385117608954961920,2013-10-01 19:02:47,as nice as icy conditions
385117557142740992,2013-10-01 19:02:35,as nice as more than a little success
385116670382985216,2013-10-01 18:59:04,as nice as countless pileups of empty podiums
385113550793879555,2013-10-01 18:46:40,as nice as a bewildered owl
385113353267335168,2013-10-01 18:45:53,as nice as industrial violence
385113130847571969,2013-10-01 18:45:00,as nice as falling dogs
385113068402778112,2013-10-01 18:44:45,as nice as a war between fakes
385112911892336641,2013-10-01 18:44:07,as nice as infinite sleep
385111210154160128,2013-10-01 18:37:22,as nice as synthetic writing
